userId,userName,emailAddress,userRole
1,Anonymous1,Anonymous1@example.com,normal
2,Anonymous2,Anonymous2@example.com,normal
3,Anonymous3,Anonymous3@example.com,normal
4,Anonymous4,Anonymous4@example.com,normal
5,Anonymous5,Anonymous5@example.com,normal
6,Anonymous6,Anonymous6@example.com,normal
7,Anonymous7,Anonymous7@example.com,normal
8,Anonymous8,Anonymous8@example.com,normal
9,Anonymous9,Anonymous9@example.com,normal
10,Anonymous10,Anonymous10@example.com,normal
11,Anonymous11,Anonymous11@example.com,normal
12,Anonymous12,Anonymous12@example.com,normal
13,Anonymous13,Anonymous13@example.com,normal
14,Anonymous14,Anonymous14@example.com,normal
15,Anonymous15,Anonymous15@example.com,normal
16,Anonymous16,Anonymous16@example.com,normal
17,Anonymous17,Anonymous17@example.com,normal
18,Anonymous18,Anonymous18@example.com,normal
19,Anonymous19,Anonymous19@example.com,normal
20,Anonymous20,Anonymous20@example.com,normal
21,Anonymous21,Anonymous21@example.com,normal
22,Anonymous22,Anonymous22@example.com,normal
23,Anonymous23,Anonymous23@example.com,normal
24,Anonymous24,Anonymous24@example.com,normal
25,Anonymous25,Anonymous25@example.com,normal
26,Anonymous26,Anonymous26@example.com,normal
27,Anonymous27,Anonymous27@example.com,normal
28,Anonymous28,Anonymous28@example.com,normal
29,Anonymous29,Anonymous29@example.com,normal
30,Anonymous30,Anonymous30@example.com,normal
31,Anonymous31,Anonymous31@example.com,normal
32,Anonymous32,Anonymous32@example.com,normal
33,Anonymous33,Anonymous33@example.com,normal
34,Anonymous34,Anonymous34@example.com,normal
35,Anonymous35,Anonymous35@example.com,normal
36,Anonymous36,Anonymous36@example.com,normal
37,Anonymous37,Anonymous37@example.com,normal
38,Anonymous38,Anonymous38@example.com,normal
39,Anonymous39,Anonymous39@example.com,normal
40,Anonymous40,Anonymous40@example.com,normal
41,Anonymous41,Anonymous41@example.com,normal
42,Anonymous42,Anonymous42@example.com,normal
43,Anonymous43,Anonymous43@example.com,normal
44,Anonymous44,Anonymous44@example.com,normal
45,Anonymous45,Anonymous45@example.com,normal
46,Anonymous46,Anonymous46@example.com,normal
47,Anonymous47,Anonymous47@example.com,normal
48,Anonymous48,Anonymous48@example.com,normal
49,Anonymous49,Anonymous49@example.com,normal
50,Anonymous50,Anonymous50@example.com,normal
51,Anonymous51,Anonymous51@example.com,normal
52,Anonymous52,Anonymous52@example.com,normal
53,Anonymous53,Anonymous53@example.com,normal
54,Anonymous54,Anonymous54@example.com,normal
55,Anonymous55,Anonymous55@example.com,normal
56,Anonymous56,Anonymous56@example.com,normal
57,Anonymous57,Anonymous57@example.com,normal
58,Anonymous58,Anonymous58@example.com,normal
59,Anonymous59,Anonymous59@example.com,normal
60,Anonymous60,Anonymous60@example.com,normal
61,Anonymous61,Anonymous61@example.com,normal
62,Anonymous62,Anonymous62@example.com,normal
63,Anonymous63,Anonymous63@example.com,normal
64,Anonymous64,Anonymous64@example.com,normal
65,Anonymous65,Anonymous65@example.com,normal
66,Anonymous66,Anonymous66@example.com,normal
67,Anonymous67,Anonymous67@example.com,normal
68,Anonymous68,Anonymous68@example.com,normal
69,Anonymous69,Anonymous69@example.com,normal
70,Anonymous70,Anonymous70@example.com,normal
71,Anonymous71,Anonymous71@example.com,normal
72,Anonymous72,Anonymous72@example.com,normal
73,Anonymous73,Anonymous73@example.com,normal
74,Anonymous74,Anonymous74@example.com,normal
75,Anonymous75,Anonymous75@example.com,normal
76,Anonymous76,Anonymous76@example.com,normal
77,Anonymous77,Anonymous77@example.com,normal
78,Anonymous78,Anonymous78@example.com,normal
79,Anonymous79,Anonymous79@example.com,normal
80,Anonymous80,Anonymous80@example.com,normal
81,Anonymous81,Anonymous81@example.com,normal
82,Anonymous82,Anonymous82@example.com,normal
83,Anonymous83,Anonymous83@example.com,normal
84,Anonymous84,Anonymous84@example.com,normal
85,Anonymous85,Anonymous85@example.com,normal
86,Anonymous86,Anonymous86@example.com,normal
87,Anonymous87,Anonymous87@example.com,normal
88,Anonymous88,Anonymous88@example.com,normal
89,Anonymous89,Anonymous89@example.com,normal
90,Anonymous90,Anonymous90@example.com,normal
91,Anonymous91,Anonymous91@example.com,normal
92,Anonymous92,Anonymous92@example.com,normal
93,Anonymous93,Anonymous93@example.com,normal
94,Anonymous94,Anonymous94@example.com,normal
95,Anonymous95,Anonymous95@example.com,normal
96,Anonymous96,Anonymous96@example.com,normal
97,Anonymous97,Anonymous97@example.com,normal
98,Anonymous98,Anonymous98@example.com,normal
99,Anonymous99,Anonymous99@example.com,normal
100,Anonymous100,Anonymous100@example.com,normal
101,Anonymous101,Anonymous101@example.com,normal
102,Anonymous102,Anonymous102@example.com,normal
103,Anonymous103,Anonymous103@example.com,normal
104,Anonymous104,Anonymous104@example.com,normal
105,Anonymous105,Anonymous105@example.com,normal
106,Anonymous106,Anonymous106@example.com,normal
107,Anonymous107,Anonymous107@example.com,normal
108,Anonymous108,Anonymous108@example.com,normal
109,Anonymous109,Anonymous109@example.com,normal
110,Anonymous110,Anonymous110@example.com,normal
111,Anonymous111,Anonymous111@example.com,normal
112,Anonymous112,Anonymous112@example.com,normal
113,Anonymous113,Anonymous113@example.com,normal
114,Anonymous114,Anonymous114@example.com,normal
115,Anonymous115,Anonymous115@example.com,normal
116,Anonymous116,Anonymous116@example.com,normal
117,Anonymous117,Anonymous117@example.com,normal
118,Anonymous118,Anonymous118@example.com,normal
119,Anonymous119,Anonymous119@example.com,normal
120,Anonymous120,Anonymous120@example.com,normal
121,Anonymous121,Anonymous121@example.com,normal
122,Anonymous122,Anonymous122@example.com,normal
123,Anonymous123,Anonymous123@example.com,normal
124,Anonymous124,Anonymous124@example.com,normal
125,Anonymous125,Anonymous125@example.com,normal
126,Anonymous126,Anonymous126@example.com,normal
127,Anonymous127,Anonymous127@example.com,normal
128,Anonymous128,Anonymous128@example.com,normal
129,Anonymous129,Anonymous129@example.com,normal
130,Anonymous130,Anonymous130@example.com,normal
131,Anonymous131,Anonymous131@example.com,normal
132,Anonymous132,Anonymous132@example.com,normal
133,Anonymous133,Anonymous133@example.com,normal
134,Anonymous134,Anonymous134@example.com,normal
135,Anonymous135,Anonymous135@example.com,normal
136,Anonymous136,Anonymous136@example.com,normal
137,Anonymous137,Anonymous137@example.com,normal
138,Anonymous138,Anonymous138@example.com,normal
139,Anonymous139,Anonymous139@example.com,normal
140,Anonymous140,Anonymous140@example.com,normal
141,Anonymous141,Anonymous141@example.com,normal
142,Anonymous142,Anonymous142@example.com,normal
143,Anonymous143,Anonymous143@example.com,normal
144,Anonymous144,Anonymous144@example.com,normal
145,Anonymous145,Anonymous145@example.com,normal
146,Anonymous146,Anonymous146@example.com,normal
147,Anonymous147,Anonymous147@example.com,normal
148,Anonymous148,Anonymous148@example.com,normal
149,Anonymous149,Anonymous149@example.com,normal
150,Anonymous150,Anonymous150@example.com,normal
151,Anonymous151,Anonymous151@example.com,normal
152,Anonymous152,Anonymous152@example.com,normal
153,Anonymous153,Anonymous153@example.com,normal
154,Anonymous154,Anonymous154@example.com,normal
155,Anonymous155,Anonymous155@example.com,normal
156,Anonymous156,Anonymous156@example.com,normal
157,Anonymous157,Anonymous157@example.com,normal
158,Anonymous158,Anonymous158@example.com,normal
159,Anonymous159,Anonymous159@example.com,normal
160,Anonymous160,Anonymous160@example.com,normal
161,Anonymous161,Anonymous161@example.com,normal
162,Anonymous162,Anonymous162@example.com,normal
163,Anonymous163,Anonymous163@example.com,normal
164,Anonymous164,Anonymous164@example.com,normal
165,Anonymous165,Anonymous165@example.com,normal
166,Anonymous166,Anonymous166@example.com,normal
167,Anonymous167,Anonymous167@example.com,normal
168,Anonymous168,Anonymous168@example.com,normal
169,Anonymous169,Anonymous169@example.com,normal
170,Anonymous170,Anonymous170@example.com,normal
171,Anonymous171,Anonymous171@example.com,normal
172,Anonymous172,Anonymous172@example.com,normal
173,Anonymous173,Anonymous173@example.com,normal
174,Anonymous174,Anonymous174@example.com,normal
175,Anonymous175,Anonymous175@example.com,normal
176,Anonymous176,Anonymous176@example.com,normal
177,Anonymous177,Anonymous177@example.com,normal
178,Anonymous178,Anonymous178@example.com,normal
179,Anonymous179,Anonymous179@example.com,normal
180,Anonymous180,Anonymous180@example.com,normal
181,Anonymous181,Anonymous181@example.com,normal
182,Anonymous182,Anonymous182@example.com,normal
183,Anonymous183,Anonymous183@example.com,normal
184,Anonymous184,Anonymous184@example.com,normal
185,Anonymous185,Anonymous185@example.com,normal
186,Anonymous186,Anonymous186@example.com,normal
187,Anonymous187,Anonymous187@example.com,normal
188,Anonymous188,Anonymous188@example.com,normal
189,Anonymous189,Anonymous189@example.com,normal
190,Anonymous190,Anonymous190@example.com,normal
191,Anonymous191,Anonymous191@example.com,normal
192,Anonymous192,Anonymous192@example.com,normal
193,Anonymous193,Anonymous193@example.com,normal
194,Anonymous194,Anonymous194@example.com,normal
195,Anonymous195,Anonymous195@example.com,normal
196,Anonymous196,Anonymous196@example.com,normal
197,Anonymous197,Anonymous197@example.com,normal
198,Anonymous198,Anonymous198@example.com,normal
199,Anonymous199,Anonymous199@example.com,normal
200,Anonymous200,Anonymous200@example.com,normal
201,Anonymous201,Anonymous201@example.com,normal
202,Anonymous202,Anonymous202@example.com,normal
203,Anonymous203,Anonymous203@example.com,normal
204,Anonymous204,Anonymous204@example.com,normal
205,Anonymous205,Anonymous205@example.com,normal
206,Anonymous206,Anonymous206@example.com,normal
207,Anonymous207,Anonymous207@example.com,normal
208,Anonymous208,Anonymous208@example.com,normal
209,Anonymous209,Anonymous209@example.com,normal
210,Anonymous210,Anonymous210@example.com,normal
211,Anonymous211,Anonymous211@example.com,normal
212,Anonymous212,Anonymous212@example.com,normal
213,Anonymous213,Anonymous213@example.com,normal
214,Anonymous214,Anonymous214@example.com,normal
215,Anonymous215,Anonymous215@example.com,normal
216,Anonymous216,Anonymous216@example.com,normal
217,Anonymous217,Anonymous217@example.com,normal
218,Anonymous218,Anonymous218@example.com,normal
219,Anonymous219,Anonymous219@example.com,normal
220,Anonymous220,Anonymous220@example.com,normal
221,Anonymous221,Anonymous221@example.com,normal
222,Anonymous222,Anonymous222@example.com,normal
223,Anonymous223,Anonymous223@example.com,normal
224,Anonymous224,Anonymous224@example.com,normal
225,Anonymous225,Anonymous225@example.com,normal
226,Anonymous226,Anonymous226@example.com,normal
227,Anonymous227,Anonymous227@example.com,normal
228,Anonymous228,Anonymous228@example.com,normal
229,Anonymous229,Anonymous229@example.com,normal
230,Anonymous230,Anonymous230@example.com,normal
231,Anonymous231,Anonymous231@example.com,normal
232,Anonymous232,Anonymous232@example.com,normal
233,Anonymous233,Anonymous233@example.com,normal
234,Anonymous234,Anonymous234@example.com,normal
235,Anonymous235,Anonymous235@example.com,normal
236,Anonymous236,Anonymous236@example.com,normal
237,Anonymous237,Anonymous237@example.com,normal
238,Anonymous238,Anonymous238@example.com,normal
239,Anonymous239,Anonymous239@example.com,normal
240,Anonymous240,Anonymous240@example.com,normal
241,Anonymous241,Anonymous241@example.com,normal
242,Anonymous242,Anonymous242@example.com,normal
243,Anonymous243,Anonymous243@example.com,normal
244,Anonymous244,Anonymous244@example.com,normal
245,Anonymous245,Anonymous245@example.com,normal
246,Anonymous246,Anonymous246@example.com,normal
247,Anonymous247,Anonymous247@example.com,normal
248,Anonymous248,Anonymous248@example.com,normal
249,Anonymous249,Anonymous249@example.com,normal
250,Anonymous250,Anonymous250@example.com,normal
251,Anonymous251,Anonymous251@example.com,normal
252,Anonymous252,Anonymous252@example.com,normal
253,Anonymous253,Anonymous253@example.com,normal
254,Anonymous254,Anonymous254@example.com,normal
255,Anonymous255,Anonymous255@example.com,normal
256,Anonymous256,Anonymous256@example.com,normal
257,Anonymous257,Anonymous257@example.com,normal
258,Anonymous258,Anonymous258@example.com,normal
259,Anonymous259,Anonymous259@example.com,normal
260,Anonymous260,Anonymous260@example.com,normal
261,Anonymous261,Anonymous261@example.com,normal
262,Anonymous262,Anonymous262@example.com,normal
263,Anonymous263,Anonymous263@example.com,normal
264,Anonymous264,Anonymous264@example.com,normal
265,Anonymous265,Anonymous265@example.com,normal
266,Anonymous266,Anonymous266@example.com,normal
267,Anonymous267,Anonymous267@example.com,normal
268,Anonymous268,Anonymous268@example.com,normal
269,Anonymous269,Anonymous269@example.com,normal
270,Anonymous270,Anonymous270@example.com,normal
271,Anonymous271,Anonymous271@example.com,normal
272,Anonymous272,Anonymous272@example.com,normal
273,Anonymous273,Anonymous273@example.com,normal
274,Anonymous274,Anonymous274@example.com,normal
275,Anonymous275,Anonymous275@example.com,normal
276,Anonymous276,Anonymous276@example.com,normal
277,Anonymous277,Anonymous277@example.com,normal
278,Anonymous278,Anonymous278@example.com,normal
279,Anonymous279,Anonymous279@example.com,normal
280,Anonymous280,Anonymous280@example.com,normal
281,Anonymous281,Anonymous281@example.com,normal
282,Anonymous282,Anonymous282@example.com,normal
283,Anonymous283,Anonymous283@example.com,normal
284,Anonymous284,Anonymous284@example.com,normal
285,Anonymous285,Anonymous285@example.com,normal
286,Anonymous286,Anonymous286@example.com,normal
287,Anonymous287,Anonymous287@example.com,normal
288,Anonymous288,Anonymous288@example.com,normal
289,Anonymous289,Anonymous289@example.com,normal
290,Anonymous290,Anonymous290@example.com,normal
291,Anonymous291,Anonymous291@example.com,normal
292,Anonymous292,Anonymous292@example.com,normal
293,Anonymous293,Anonymous293@example.com,normal
294,Anonymous294,Anonymous294@example.com,normal
295,Anonymous295,Anonymous295@example.com,normal
296,Anonymous296,Anonymous296@example.com,normal
297,Anonymous297,Anonymous297@example.com,normal
298,Anonymous298,Anonymous298@example.com,normal
299,Anonymous299,Anonymous299@example.com,normal
300,Anonymous300,Anonymous300@example.com,normal
301,Anonymous301,Anonymous301@example.com,normal
302,Anonymous302,Anonymous302@example.com,normal
303,Anonymous303,Anonymous303@example.com,normal
304,Anonymous304,Anonymous304@example.com,normal
305,Anonymous305,Anonymous305@example.com,normal
306,Anonymous306,Anonymous306@example.com,normal
307,Anonymous307,Anonymous307@example.com,normal
308,Anonymous308,Anonymous308@example.com,normal
309,Anonymous309,Anonymous309@example.com,normal
310,Anonymous310,Anonymous310@example.com,normal
311,Anonymous311,Anonymous311@example.com,normal
312,Anonymous312,Anonymous312@example.com,normal
313,Anonymous313,Anonymous313@example.com,normal
314,Anonymous314,Anonymous314@example.com,normal
315,Anonymous315,Anonymous315@example.com,normal
316,Anonymous316,Anonymous316@example.com,normal
317,Anonymous317,Anonymous317@example.com,normal
318,Anonymous318,Anonymous318@example.com,normal
319,Anonymous319,Anonymous319@example.com,normal
320,Anonymous320,Anonymous320@example.com,normal
321,Anonymous321,Anonymous321@example.com,normal
322,Anonymous322,Anonymous322@example.com,normal
323,Anonymous323,Anonymous323@example.com,normal
324,Anonymous324,Anonymous324@example.com,normal
325,Anonymous325,Anonymous325@example.com,normal
326,Anonymous326,Anonymous326@example.com,normal
327,Anonymous327,Anonymous327@example.com,normal
328,Anonymous328,Anonymous328@example.com,normal
329,Anonymous329,Anonymous329@example.com,normal
330,Anonymous330,Anonymous330@example.com,normal
331,Anonymous331,Anonymous331@example.com,normal
332,Anonymous332,Anonymous332@example.com,normal
333,Anonymous333,Anonymous333@example.com,normal
334,Anonymous334,Anonymous334@example.com,normal
335,Anonymous335,Anonymous335@example.com,normal
336,Anonymous336,Anonymous336@example.com,normal
337,Anonymous337,Anonymous337@example.com,normal
338,Anonymous338,Anonymous338@example.com,normal
339,Anonymous339,Anonymous339@example.com,normal
340,Anonymous340,Anonymous340@example.com,normal
341,Anonymous341,Anonymous341@example.com,normal
342,Anonymous342,Anonymous342@example.com,normal
343,Anonymous343,Anonymous343@example.com,normal
344,Anonymous344,Anonymous344@example.com,normal
345,Anonymous345,Anonymous345@example.com,normal
346,Anonymous346,Anonymous346@example.com,normal
347,Anonymous347,Anonymous347@example.com,normal
348,Anonymous348,Anonymous348@example.com,normal
349,Anonymous349,Anonymous349@example.com,normal
350,Anonymous350,Anonymous350@example.com,normal
351,Anonymous351,Anonymous351@example.com,normal
352,Anonymous352,Anonymous352@example.com,normal
353,Anonymous353,Anonymous353@example.com,normal
354,Anonymous354,Anonymous354@example.com,normal
355,Anonymous355,Anonymous355@example.com,normal
356,Anonymous356,Anonymous356@example.com,normal
357,Anonymous357,Anonymous357@example.com,normal
358,Anonymous358,Anonymous358@example.com,normal
359,Anonymous359,Anonymous359@example.com,normal
360,Anonymous360,Anonymous360@example.com,normal
361,Anonymous361,Anonymous361@example.com,normal
362,Anonymous362,Anonymous362@example.com,normal
363,Anonymous363,Anonymous363@example.com,normal
364,Anonymous364,Anonymous364@example.com,normal
365,Anonymous365,Anonymous365@example.com,normal
366,Anonymous366,Anonymous366@example.com,normal
367,Anonymous367,Anonymous367@example.com,normal
368,Anonymous368,Anonymous368@example.com,normal
369,Anonymous369,Anonymous369@example.com,normal
370,Anonymous370,Anonymous370@example.com,normal
371,Anonymous371,Anonymous371@example.com,normal
372,Anonymous372,Anonymous372@example.com,normal
373,Anonymous373,Anonymous373@example.com,normal
374,Anonymous374,Anonymous374@example.com,normal
375,Anonymous375,Anonymous375@example.com,normal
376,Anonymous376,Anonymous376@example.com,normal
377,Anonymous377,Anonymous377@example.com,normal
378,Anonymous378,Anonymous378@example.com,normal
379,Anonymous379,Anonymous379@example.com,normal
380,Anonymous380,Anonymous380@example.com,normal
381,Anonymous381,Anonymous381@example.com,normal
382,Anonymous382,Anonymous382@example.com,normal
383,Anonymous383,Anonymous383@example.com,normal
384,Anonymous384,Anonymous384@example.com,normal
385,Anonymous385,Anonymous385@example.com,normal
386,Anonymous386,Anonymous386@example.com,normal
387,Anonymous387,Anonymous387@example.com,normal
388,Anonymous388,Anonymous388@example.com,normal
389,Anonymous389,Anonymous389@example.com,normal
390,Anonymous390,Anonymous390@example.com,normal
391,Anonymous391,Anonymous391@example.com,normal
392,Anonymous392,Anonymous392@example.com,normal
393,Anonymous393,Anonymous393@example.com,normal
394,Anonymous394,Anonymous394@example.com,normal
395,Anonymous395,Anonymous395@example.com,normal
396,Anonymous396,Anonymous396@example.com,normal
397,Anonymous397,Anonymous397@example.com,normal
398,Anonymous398,Anonymous398@example.com,normal
399,Anonymous399,Anonymous399@example.com,normal
400,Anonymous400,Anonymous400@example.com,normal
401,Anonymous401,Anonymous401@example.com,normal
402,Anonymous402,Anonymous402@example.com,normal
403,Anonymous403,Anonymous403@example.com,normal
404,Anonymous404,Anonymous404@example.com,normal
405,Anonymous405,Anonymous405@example.com,normal
406,Anonymous406,Anonymous406@example.com,normal
407,Anonymous407,Anonymous407@example.com,normal
408,Anonymous408,Anonymous408@example.com,normal
409,Anonymous409,Anonymous409@example.com,normal
410,Anonymous410,Anonymous410@example.com,normal
411,Anonymous411,Anonymous411@example.com,normal
412,Anonymous412,Anonymous412@example.com,normal
413,Anonymous413,Anonymous413@example.com,normal
414,Anonymous414,Anonymous414@example.com,normal
415,Anonymous415,Anonymous415@example.com,normal
416,Anonymous416,Anonymous416@example.com,normal
417,Anonymous417,Anonymous417@example.com,normal
418,Anonymous418,Anonymous418@example.com,normal
419,Anonymous419,Anonymous419@example.com,normal
420,Anonymous420,Anonymous420@example.com,normal
421,Anonymous421,Anonymous421@example.com,normal
422,Anonymous422,Anonymous422@example.com,normal
423,Anonymous423,Anonymous423@example.com,normal
424,Anonymous424,Anonymous424@example.com,normal
425,Anonymous425,Anonymous425@example.com,normal
426,Anonymous426,Anonymous426@example.com,normal
427,Anonymous427,Anonymous427@example.com,normal
428,Anonymous428,Anonymous428@example.com,normal
429,Anonymous429,Anonymous429@example.com,normal
430,Anonymous430,Anonymous430@example.com,normal
431,Anonymous431,Anonymous431@example.com,normal
432,Anonymous432,Anonymous432@example.com,normal
433,Anonymous433,Anonymous433@example.com,normal
434,Anonymous434,Anonymous434@example.com,normal
435,Anonymous435,Anonymous435@example.com,normal
436,Anonymous436,Anonymous436@example.com,normal
437,Anonymous437,Anonymous437@example.com,normal
438,Anonymous438,Anonymous438@example.com,normal
439,Anonymous439,Anonymous439@example.com,normal
440,Anonymous440,Anonymous440@example.com,normal
441,Anonymous441,Anonymous441@example.com,normal
442,Anonymous442,Anonymous442@example.com,normal
443,Anonymous443,Anonymous443@example.com,normal
444,Anonymous444,Anonymous444@example.com,normal
445,Anonymous445,Anonymous445@example.com,normal
446,Anonymous446,Anonymous446@example.com,normal
447,Anonymous447,Anonymous447@example.com,normal
448,Anonymous448,Anonymous448@example.com,normal
449,Anonymous449,Anonymous449@example.com,normal
450,Anonymous450,Anonymous450@example.com,normal
451,Anonymous451,Anonymous451@example.com,normal
452,Anonymous452,Anonymous452@example.com,normal
453,Anonymous453,Anonymous453@example.com,normal
454,Anonymous454,Anonymous454@example.com,normal
455,Anonymous455,Anonymous455@example.com,normal
456,Anonymous456,Anonymous456@example.com,normal
457,Anonymous457,Anonymous457@example.com,normal
458,Anonymous458,Anonymous458@example.com,normal
459,Anonymous459,Anonymous459@example.com,normal
460,Anonymous460,Anonymous460@example.com,normal
461,Anonymous461,Anonymous461@example.com,normal
462,Anonymous462,Anonymous462@example.com,normal
463,Anonymous463,Anonymous463@example.com,normal
464,Anonymous464,Anonymous464@example.com,normal
465,Anonymous465,Anonymous465@example.com,normal
466,Anonymous466,Anonymous466@example.com,normal
467,Anonymous467,Anonymous467@example.com,normal
468,Anonymous468,Anonymous468@example.com,normal
469,Anonymous469,Anonymous469@example.com,normal
470,Anonymous470,Anonymous470@example.com,normal
471,Anonymous471,Anonymous471@example.com,normal
472,Anonymous472,Anonymous472@example.com,normal
473,Anonymous473,Anonymous473@example.com,normal
474,Anonymous474,Anonymous474@example.com,normal
475,Anonymous475,Anonymous475@example.com,normal
476,Anonymous476,Anonymous476@example.com,normal
477,Anonymous477,Anonymous477@example.com,normal
478,Anonymous478,Anonymous478@example.com,normal
479,Anonymous479,Anonymous479@example.com,normal
480,Anonymous480,Anonymous480@example.com,normal
481,Anonymous481,Anonymous481@example.com,normal
482,Anonymous482,Anonymous482@example.com,normal
483,Anonymous483,Anonymous483@example.com,normal
484,Anonymous484,Anonymous484@example.com,normal
485,Anonymous485,Anonymous485@example.com,normal
486,Anonymous486,Anonymous486@example.com,normal
487,Anonymous487,Anonymous487@example.com,normal
488,Anonymous488,Anonymous488@example.com,normal
489,Anonymous489,Anonymous489@example.com,normal
490,Anonymous490,Anonymous490@example.com,normal
491,Anonymous491,Anonymous491@example.com,normal
492,Anonymous492,Anonymous492@example.com,normal
493,Anonymous493,Anonymous493@example.com,normal
494,Anonymous494,Anonymous494@example.com,normal
495,Anonymous495,Anonymous495@example.com,normal
496,Anonymous496,Anonymous496@example.com,normal
497,Anonymous497,Anonymous497@example.com,normal
498,Anonymous498,Anonymous498@example.com,normal
499,Anonymous499,Anonymous499@example.com,normal
500,Anonymous500,Anonymous500@example.com,normal
501,Anonymous501,Anonymous501@example.com,normal
502,Anonymous502,Anonymous502@example.com,normal
503,Anonymous503,Anonymous503@example.com,normal
504,Anonymous504,Anonymous504@example.com,normal
505,Anonymous505,Anonymous505@example.com,normal
506,Anonymous506,Anonymous506@example.com,normal
507,Anonymous507,Anonymous507@example.com,normal
508,Anonymous508,Anonymous508@example.com,normal
509,Anonymous509,Anonymous509@example.com,normal
510,Anonymous510,Anonymous510@example.com,normal
511,Anonymous511,Anonymous511@example.com,normal
512,Anonymous512,Anonymous512@example.com,normal
513,Anonymous513,Anonymous513@example.com,normal
514,Anonymous514,Anonymous514@example.com,normal
515,Anonymous515,Anonymous515@example.com,normal
516,Anonymous516,Anonymous516@example.com,normal
517,Anonymous517,Anonymous517@example.com,normal
518,Anonymous518,Anonymous518@example.com,normal
519,Anonymous519,Anonymous519@example.com,normal
520,Anonymous520,Anonymous520@example.com,normal
521,Anonymous521,Anonymous521@example.com,normal
522,Anonymous522,Anonymous522@example.com,normal
523,Anonymous523,Anonymous523@example.com,normal
524,Anonymous524,Anonymous524@example.com,normal
525,Anonymous525,Anonymous525@example.com,normal
526,Anonymous526,Anonymous526@example.com,normal
527,Anonymous527,Anonymous527@example.com,normal
528,Anonymous528,Anonymous528@example.com,normal
529,Anonymous529,Anonymous529@example.com,normal
530,Anonymous530,Anonymous530@example.com,normal
531,Anonymous531,Anonymous531@example.com,normal
532,Anonymous532,Anonymous532@example.com,normal
533,Anonymous533,Anonymous533@example.com,normal
534,Anonymous534,Anonymous534@example.com,normal
535,Anonymous535,Anonymous535@example.com,normal
536,Anonymous536,Anonymous536@example.com,normal
537,Anonymous537,Anonymous537@example.com,normal
538,Anonymous538,Anonymous538@example.com,normal
539,Anonymous539,Anonymous539@example.com,normal
540,Anonymous540,Anonymous540@example.com,normal
541,Anonymous541,Anonymous541@example.com,normal
542,Anonymous542,Anonymous542@example.com,normal
543,Anonymous543,Anonymous543@example.com,normal
544,Anonymous544,Anonymous544@example.com,normal
545,Anonymous545,Anonymous545@example.com,normal
546,Anonymous546,Anonymous546@example.com,normal
547,Anonymous547,Anonymous547@example.com,normal
548,Anonymous548,Anonymous548@example.com,normal
549,Anonymous549,Anonymous549@example.com,normal
550,Anonymous550,Anonymous550@example.com,normal
551,Anonymous551,Anonymous551@example.com,normal
552,Anonymous552,Anonymous552@example.com,normal
553,Anonymous553,Anonymous553@example.com,normal
554,Anonymous554,Anonymous554@example.com,normal
555,Anonymous555,Anonymous555@example.com,normal
556,Anonymous556,Anonymous556@example.com,normal
557,Anonymous557,Anonymous557@example.com,normal
558,Anonymous558,Anonymous558@example.com,normal
559,Anonymous559,Anonymous559@example.com,normal
560,Anonymous560,Anonymous560@example.com,normal
561,Anonymous561,Anonymous561@example.com,normal
562,Anonymous562,Anonymous562@example.com,normal
563,Anonymous563,Anonymous563@example.com,normal
564,Anonymous564,Anonymous564@example.com,normal
565,Anonymous565,Anonymous565@example.com,normal
566,Anonymous566,Anonymous566@example.com,normal
567,Anonymous567,Anonymous567@example.com,normal
568,Anonymous568,Anonymous568@example.com,normal
569,Anonymous569,Anonymous569@example.com,normal
570,Anonymous570,Anonymous570@example.com,normal
571,Anonymous571,Anonymous571@example.com,normal
572,Anonymous572,Anonymous572@example.com,normal
573,Anonymous573,Anonymous573@example.com,normal
574,Anonymous574,Anonymous574@example.com,normal
575,Anonymous575,Anonymous575@example.com,normal
576,Anonymous576,Anonymous576@example.com,normal
577,Anonymous577,Anonymous577@example.com,normal
578,Anonymous578,Anonymous578@example.com,normal
579,Anonymous579,Anonymous579@example.com,normal
580,Anonymous580,Anonymous580@example.com,normal
581,Anonymous581,Anonymous581@example.com,normal
582,Anonymous582,Anonymous582@example.com,normal
583,Anonymous583,Anonymous583@example.com,normal
584,Anonymous584,Anonymous584@example.com,normal
585,Anonymous585,Anonymous585@example.com,normal
586,Anonymous586,Anonymous586@example.com,normal
587,Anonymous587,Anonymous587@example.com,normal
588,Anonymous588,Anonymous588@example.com,normal
589,Anonymous589,Anonymous589@example.com,normal
590,Anonymous590,Anonymous590@example.com,normal
591,Anonymous591,Anonymous591@example.com,normal
592,Anonymous592,Anonymous592@example.com,normal
593,Anonymous593,Anonymous593@example.com,normal
594,Anonymous594,Anonymous594@example.com,normal
595,Anonymous595,Anonymous595@example.com,normal
596,Anonymous596,Anonymous596@example.com,normal
597,Anonymous597,Anonymous597@example.com,normal
598,Anonymous598,Anonymous598@example.com,normal
599,Anonymous599,Anonymous599@example.com,normal
600,Anonymous600,Anonymous600@example.com,normal
601,Anonymous601,Anonymous601@example.com,normal
602,Anonymous602,Anonymous602@example.com,normal
603,Anonymous603,Anonymous603@example.com,normal
604,Anonymous604,Anonymous604@example.com,normal
605,Anonymous605,Anonymous605@example.com,normal
606,Anonymous606,Anonymous606@example.com,normal
607,Anonymous607,Anonymous607@example.com,normal
608,Anonymous608,Anonymous608@example.com,normal
609,Anonymous609,Anonymous609@example.com,normal
610,Anonymous610,Anonymous610@example.com,normal
611,Anonymous611,Anonymous611@example.com,normal
612,Anonymous612,Anonymous612@example.com,normal
613,Anonymous613,Anonymous613@example.com,normal
614,Anonymous614,Anonymous614@example.com,normal
615,Anonymous615,Anonymous615@example.com,normal
616,Anonymous616,Anonymous616@example.com,normal
617,Anonymous617,Anonymous617@example.com,normal
618,Anonymous618,Anonymous618@example.com,normal
619,Anonymous619,Anonymous619@example.com,normal
620,Anonymous620,Anonymous620@example.com,normal
621,Anonymous621,Anonymous621@example.com,normal
622,Anonymous622,Anonymous622@example.com,normal
623,Anonymous623,Anonymous623@example.com,normal
624,Anonymous624,Anonymous624@example.com,normal
625,Anonymous625,Anonymous625@example.com,normal
626,Anonymous626,Anonymous626@example.com,normal
627,Anonymous627,Anonymous627@example.com,normal
628,Anonymous628,Anonymous628@example.com,normal
629,Anonymous629,Anonymous629@example.com,normal
630,Anonymous630,Anonymous630@example.com,normal
631,Anonymous631,Anonymous631@example.com,normal
632,Anonymous632,Anonymous632@example.com,normal
633,Anonymous633,Anonymous633@example.com,normal
634,Anonymous634,Anonymous634@example.com,normal
635,Anonymous635,Anonymous635@example.com,normal
636,Anonymous636,Anonymous636@example.com,normal
637,Anonymous637,Anonymous637@example.com,normal
638,Anonymous638,Anonymous638@example.com,normal
639,Anonymous639,Anonymous639@example.com,normal
640,Anonymous640,Anonymous640@example.com,normal
641,Anonymous641,Anonymous641@example.com,normal
642,Anonymous642,Anonymous642@example.com,normal
643,Anonymous643,Anonymous643@example.com,normal
644,Anonymous644,Anonymous644@example.com,normal
645,Anonymous645,Anonymous645@example.com,normal
646,Anonymous646,Anonymous646@example.com,normal
647,Anonymous647,Anonymous647@example.com,normal
648,Anonymous648,Anonymous648@example.com,normal
649,Anonymous649,Anonymous649@example.com,normal
650,Anonymous650,Anonymous650@example.com,normal
651,Anonymous651,Anonymous651@example.com,normal
652,Anonymous652,Anonymous652@example.com,normal
653,Anonymous653,Anonymous653@example.com,normal
654,Anonymous654,Anonymous654@example.com,normal
655,Anonymous655,Anonymous655@example.com,normal
656,Anonymous656,Anonymous656@example.com,normal
657,Anonymous657,Anonymous657@example.com,normal
658,Anonymous658,Anonymous658@example.com,normal
659,Anonymous659,Anonymous659@example.com,normal
660,Anonymous660,Anonymous660@example.com,normal
661,Anonymous661,Anonymous661@example.com,normal
662,Anonymous662,Anonymous662@example.com,normal
663,Anonymous663,Anonymous663@example.com,normal
664,Anonymous664,Anonymous664@example.com,normal
665,Anonymous665,Anonymous665@example.com,normal
666,Anonymous666,Anonymous666@example.com,normal
667,Anonymous667,Anonymous667@example.com,normal
668,Anonymous668,Anonymous668@example.com,normal
669,Anonymous669,Anonymous669@example.com,normal
670,Anonymous670,Anonymous670@example.com,normal
671,Anonymous671,Anonymous671@example.com,normal
672,Anonymous672,Anonymous672@example.com,normal
673,Anonymous673,Anonymous673@example.com,normal
674,Anonymous674,Anonymous674@example.com,normal
675,Anonymous675,Anonymous675@example.com,normal
676,Anonymous676,Anonymous676@example.com,normal
677,Anonymous677,Anonymous677@example.com,normal
678,Anonymous678,Anonymous678@example.com,normal
679,Anonymous679,Anonymous679@example.com,normal
680,Anonymous680,Anonymous680@example.com,normal
681,Anonymous681,Anonymous681@example.com,normal
682,Anonymous682,Anonymous682@example.com,normal
683,Anonymous683,Anonymous683@example.com,normal
684,Anonymous684,Anonymous684@example.com,normal
685,Anonymous685,Anonymous685@example.com,normal
686,Anonymous686,Anonymous686@example.com,normal
687,Anonymous687,Anonymous687@example.com,normal
688,Anonymous688,Anonymous688@example.com,normal
689,Anonymous689,Anonymous689@example.com,normal
690,Anonymous690,Anonymous690@example.com,normal
691,Anonymous691,Anonymous691@example.com,normal
692,Anonymous692,Anonymous692@example.com,normal
693,Anonymous693,Anonymous693@example.com,normal
694,Anonymous694,Anonymous694@example.com,normal
695,Anonymous695,Anonymous695@example.com,normal
696,Anonymous696,Anonymous696@example.com,normal
697,Anonymous697,Anonymous697@example.com,normal
698,Anonymous698,Anonymous698@example.com,normal
699,Anonymous699,Anonymous699@example.com,normal
700,Anonymous700,Anonymous700@example.com,normal
